종목코드,종목명,시장구분,업종명,종가,대비,등락률,시가총액
"095570","AJ네트웍스","KOSPI","서비스업","6850","0","0.00","320732720750"
"006840","AK홀딩스","KOSPI","기타금융","12300","-250","-1.99","162945000300"
"027410","BGF","KOSPI","기타금융","3215","10","0.31","307729483065"
"282330","BGF리테일","KOSPI","유통업","171500","-500","-0.29","2964189879000"
"138930","BNK금융지주","KOSPI","기타금융","6170","-10","-0.16","2011020467820"
"001460","BYC","KOSPI","섬유의복","378500","1500","0.40","236416777500"
"001465","BYC우","KOSPI","섬유의복","140000","500","0.36","30153900000"
"001040","CJ","KOSPI","기타금융","69400","1600","2.36","2024883661200"
"079160","CJ CGV","KOSPI","서비스업","14000","50","0.36","667935198000"
"00104K","CJ4우(전환)","KOSPI","기타금융","64100","1300","2.07","270919419200"
"000120","CJ대한통운","KOSPI","운수창고업","78600","-1700","-2.12","1793050238400"
"011150","CJ씨푸드","KOSPI","음식료품","2595","-15","-0.57","93240355935"
"011155","CJ씨푸드1우","KOSPI","음식료품","25300","0","0.00","5060000000"
"001045","CJ우","KOSPI","기타금융","46700","250","0.54","105552414100"
"097950","CJ제일제당","KOSPI","음식료품","398000","-2000","-0.50","5991566028000"
"097955","CJ제일제당 우","KOSPI","음식료품","166500","500","0.30","221017594500"
"000590","CS홀딩스","KOSPI","기타금융","52700","-200","-0.38","60841201400"
"012030","DB","KOSPI","서비스업","734","1","0.14","147661666822"
"016610","DB금융투자","KOSPI","증권","4355","-10","-0.23","184854024095"
"005830","DB손해보험","KOSPI","보험","54200","-1100","-1.99","3837360000000"
"000990","DB하이텍","KOSPI","전기전자","39450","150","0.38","1751524296600"
"000995","DB하이텍1우","KOSPI","전기전자","86100","-200","-0.23","9670407600"
"139130","DGB금융지주","KOSPI","기타금융","7000","0","0.00","1184020831000"
"001530","DI동일","KOSPI","유통업","13800","0","0.00","352842126000"
"000210","DL","KOSPI","기타금융","58700","1700","2.98","1230110390800"
"001880","DL건설","KOSPI","건설업","14950","-50","-0.33","329696595800"
"000215","DL우","KOSPI","기타금융","34100","450","1.34","57496521500"
"375500","DL이앤씨","KOSPI","건설업","35450","750","2.16","1371688935350"
"37550L","DL이앤씨2우(전환)","KOSPI","건설업","27600","150","0.55","58289847600"
"37550K","DL이앤씨우","KOSPI","건설업","23450","-250","-1.05","49570603250"
"007340","DN오토모티브","KOSPI","전기전자","60000","-400","-0.66","599640300000"
"004840","DRB동일","KOSPI","화학","4085","-30","-0.73","81414050000"
"155660","DSR","KOSPI","철강금속","4700","230","5.15","75200000000"
"069730","DSR제강","KOSPI","철강금속","4165","45","1.09","59976000000"
"017940","E1","KOSPI","유통업","42800","200","0.47","293608000000"
"365550","ESR켄달스퀘어리츠","KOSPI","서비스업","4500","-130","-2.81","958900500000"
"383220","F&F","KOSPI","섬유의복","139000","3000","2.21","5324683425000"
"007700","F&F홀딩스","KOSPI","기타금융","14050","50","0.36","549556856350"
"114090","GKL","KOSPI","서비스업","15000","-100","-0.66","927835050000"
"078930","GS","KOSPI","기타금융","44050","200","0.46","4092922400900"
"006360","GS건설","KOSPI","건설업","22950","1400","6.50","1964095195500"
"001250","GS글로벌","KOSPI","유통업","2700","-40","-1.46","222841162800"
"007070","GS리테일","KOSPI","유통업","24600","200","0.82","2576060881200"
"078935","GS우","KOSPI","기타금융","34700","0","0.00","61933462200"
"012630","HDC","KOSPI","기타금융","5730","-30","-0.52","342320061330"
"039570","HDC랩스","KOSPI","건설업","7970","-110","-1.36","206882079970"
"089470","HDC현대EP","KOSPI","화학","3830","-65","-1.67","122177000000"
"294870","HDC현대산업개발","KOSPI","건설업","10500","200","1.94","692026965000"
"267250","HD현대","KOSPI","화학","58000","400","0.69","4581598930000"
"097230","HJ중공업","KOSPI","건설업","4035","-180","-4.27","336011723835"
"014790","HL D&I","KOSPI","건설업","3005","-55","-1.80","113765096005"
"003580","HLB글로벌","KOSPI","광업","7520","-220","-2.84","318600155840"
"204320","HL만도","KOSPI","운수장비","42050","-450","-1.06","1974546896000"
"060980","HL홀딩스","KOSPI","기타금융","30300","500","1.68","317303721000"
"011200","HMM","KOSPI","운수창고업","17800","0","0.00","8704903028800"
"082740","HSD엔진","KOSPI","기계","7090","290","4.26","507246917460"
"003560","IHQ","KOSPI","서비스업","461","4","0.88","85678833222"
"175330","JB금융지주","KOSPI","기타금융","7180","90","1.27","1414337178920"
"234080","JW생명과학","KOSPI","의약품","11500","200","1.77","182097371000"
"001060","JW중외제약","KOSPI","의약품","17700","150","0.85","392552033700"
"001067","JW중외제약2우B","KOSPI","의약품","64900","0","0.00","6679962300"
"001065","JW중외제약우","KOSPI","의약품","34700","-350","-1.00","6340904500"
"096760","JW홀딩스","KOSPI","기타금융","2775","-5","-0.18","195484059150"
"105560","KB금융","KOSPI","기타금융","44550","-100","-0.22","18216364379400"
"432320","KB스타리츠","KOSPI","서비스업","4085","-135","-3.20","414277354225"
"002380","KCC","KOSPI","화학","245000","8000","3.38","2177185395000"
"344820","KCC글라스","KOSPI","비금속광물","40400","150","0.37","645208684800"
"009070","KCTC","KOSPI","운수창고업","3920","-45","-1.13","117600000000"
"009440","KC그린홀딩스","KOSPI","기타금융","2945","-25","-0.84","66071016100"
"119650","KC코트렐","KOSPI","기계","2875","-30","-1.03","50601311000"
"092220","KEC","KOSPI","전기전자","2535","-55","-2.12","366936537435"
"016380","KG스틸","KOSPI","철강금속","8100","0","0.00","810072065700"
"001390","KG케미칼","KOSPI","화학","21500","150","0.70","298121064000"
"033180","KH 필룩스","KOSPI","전기전자","992","-7","-0.70","154022753024"
"001940","KISCO홀딩스","KOSPI","철강금속","12250","150","1.24","198160655000"
"025000","KPX케미칼","KOSPI","화학","48400","250","0.52","234256000000"
"092230","KPX홀딩스","KOSPI","화학","52700","-100","-0.19","222638844200"
"000040","KR모터스","KOSPI","운수장비","600","-17","-2.76","57683079000"
"044450","KSS해운","KOSPI","운수창고업","8910","0","0.00","205695190800"
"030200","KT","KOSPI","통신업","34350","450","1.33","8969190604800"
"033780","KT&G","KOSPI","기타제조업","87000","100","0.12","11944447239000"
"058850","KTcs","KOSPI","서비스업","2145","20","0.94","91559325000"
"058860","KTis","KOSPI","서비스업","2465","25","1.02","85786930000"
"093050","LF","KOSPI","섬유의복","14800","100","0.68","432752000000"
"003550","LG","KOSPI","기타금융","78500","2800","3.70","12348127950500"
"034220","LG디스플레이","KOSPI","전기전자","13650","-250","-1.80","4884184305000"
"051900","LG생활건강","KOSPI","화학","581000","-32000","-5.22","9074172457000"
"051905","LG생활건강우","KOSPI","화학","305500","-6000","-1.93","641457433500"
"373220","LG에너지솔루션","KOSPI","전기전자","483000","-14500","-2.91","113022000000000"
"003555","LG우","KOSPI","기타금융","60200","1400","2.38","181901524000"
"032640","LG유플러스","KOSPI","통신업","10450","-50","-0.48","4562588722450"
"011070","LG이노텍","KOSPI","전기전자","284000","-4000","-1.39","6721458388000"
"066570","LG전자","KOSPI","전기전자","79800","1600","2.05","13059095557200"
"066575","LG전자우","KOSPI","전기전자","38400","50","0.13","659942092800"
"037560","LG헬로비전","KOSPI","서비스업","4205","-15","-0.36","325664067325"
"051910","LG화학","KOSPI","화학","591000","-6000","-1.01","41720074713000"
"051915","LG화학우","KOSPI","화학","271500","-5000","-1.81","2087509200000"
"079550","LIG넥스원","KOSPI","기계","94300","4300","4.78","2074600000000"
"006260","LS","KOSPI","기타금융","59600","600","1.02","1919120000000"
"010120","LS ELECTRIC","KOSPI","전기전자","48450","150","0.31","1453500000000"
"000680","LS네트웍스","KOSPI","유통업","2640","-80","-2.94","208039962240"
"229640","LS전선아시아","KOSPI","기타금융","7190","-90","-1.24","220192880010"
"001120","LX인터내셔널","KOSPI","유통업","43200","1250","2.98","1674432000000"
"108670","LX하우시스","KOSPI","화학","31650","100","0.32","283826755500"
"108675","LX하우시스우","KOSPI","화학","15850","-300","-1.86","16362430500"
"383800","LX홀딩스","KOSPI","기타금융","8260","10","0.12","630078499400"
"38380K","LX홀딩스1우","KOSPI","기타금융","10350","50","0.49","15165699750"
"023150","MH에탄올","KOSPI","음식료품","7600","0","0.00","56076797600"
"035420","NAVER","KOSPI","서비스업","162000","3500","2.21","26575951770000"
"181710","NHN","KOSPI","서비스업","21150","-350","-1.63","761763737700"
"400760","NH올원리츠","KOSPI","서비스업","3695","-220","-5.62","155929000000"
"005940","NH투자증권","KOSPI","증권","8920","50","0.56","2958460015320"
"005945","NH투자증권우","KOSPI","증권","8970","20","0.22","169272582960"
"338100","NH프라임리츠","KOSPI","서비스업","4255","-40","-0.93","79398300000"
"034310","NICE","KOSPI","서비스업","12300","100","0.82","465952290000"
"008260","NI스틸","KOSPI","철강금속","3725","35","0.95","106535435825"
"004250","NPC","KOSPI","화학","7020","200","2.93","257774400000"
"004255","NPC우","KOSPI","화학","3470","10","0.29","18321600000"
"010060","OCI","KOSPI","화학","92900","-1100","-1.17","2215606565900"
"178920","PI첨단소재","KOSPI","화학","33250","450","1.37","976430206500"
"005490","POSCO홀딩스","KOSPI","철강금속","236500","6500","2.83","20001095895000"
"010950","S-Oil","KOSPI","화학","84900","400","0.47","9558279040800"
"010955","S-Oil우","KOSPI","화학","57100","700","1.24","229652031700"
"034120","SBS","KOSPI","서비스업","31550","-350","-1.10","575868962100"
"005090","SGC에너지","KOSPI","전기가스업","31900","-800","-2.45","468196427600"
"001380","SG글로벌","KOSPI","운수장비","1035","10","0.98","46537888005"
"004060","SG세계물산","KOSPI","유통업","568","5","0.89","114977377280"
"001770","SHD","KOSPI","철강금속","41000","-800","-1.91","49809998000"
"002360","SH에너지화학","KOSPI","화학","921","7","0.77","102354165330"
"009160","SIMPAC","KOSPI","철강금속","4590","25","0.55","300321478440"
"123700","SJM","KOSPI","운수장비","3380","-75","-2.17","52744555240"
"025530","SJM홀딩스","KOSPI","유통업","3885","-45","-1.15","58018621080"
"034730","SK","KOSPI","기타금융","202000","2500","1.25","14978164458000"
"011790","SKC","KOSPI","화학","92600","8600","10.24","3506604394800"
"018670","SK가스","KOSPI","유통업","112500","-3000","-2.60","1038402450000"
"001740","SK네트웍스","KOSPI","유통업","3880","-25","-0.64","962968070360"
"001745","SK네트웍스우","KOSPI","유통업","62800","-12100","-16.15","7137094400"
"006120","SK디스커버리","KOSPI","기타금융","29900","-100","-0.33","569231864500"
"006125","SK디스커버리우","KOSPI","기타금융","27650","-50","-0.18","37561280750"
"210980","SK디앤디","KOSPI","서비스업","22200","100","0.45","492621640800"
"068400","SK렌터카","KOSPI","서비스업","6790","30","0.44","321070853600"
"395400","SK리츠","KOSPI","서비스업","4750","-95","-1.96","933631875250"
"302440","SK바이오사이언스","KOSPI","의약품","72900","4100","5.96","5597556953400"
"326030","SK바이오팜","KOSPI","서비스업","53200","-600","-1.12","4166264900000"
"402340","SK스퀘어","KOSPI","기타금융","38150","650","1.73","5396987833650"
"361610","SK아이이테크놀로지","KOSPI","전기전자","51100","-300","-0.58","3643306951200"
"03473K","SK우","KOSPI","기타금융","172000","-500","-0.29","97375220000"
"096770","SK이노베이션","KOSPI","화학","157500","1500","0.96","14563326330000"
"096775","SK이노베이션우","KOSPI","화학","93900","-200","-0.21","117227201400"
"001510","SK증권","KOSPI","증권","653","4","0.62","308601381663"
"001515","SK증권우","KOSPI","증권","2860","-25","-0.87","11189790040"
"285130","SK케미칼","KOSPI","화학","80100","-600","-0.74","1411424478000"
"28513K","SK케미칼우","KOSPI","화학","38900","-300","-0.77","82290188100"
"017670","SK텔레콤","KOSPI","통신업","48750","50","0.10","10668115770000"
"000660","SK하이닉스","KOSPI","전기전자","94000","3800","4.21","68432222310000"
"064960","SNT모티브","KOSPI","운수장비","41050","550","1.36","600279732800"
"100840","SNT에너지","KOSPI","기계","19350","350","1.84","145254857850"
"003570","SNT중공업","KOSPI","운수장비","9270","-160","-1.70","308252501190"
"036530","SNT홀딩스","KOSPI","기타금융","13950","-50","-0.36","227439209700"
"005610","SPC삼립","KOSPI","음식료품","77600","-2500","-3.12","669611098400"
"011810","STX","KOSPI","유통업","4340","-255","-5.55","124217110360"
"077970","STX엔진","KOSPI","기계","12850","450","3.63","295664416400"
"071970","STX중공업","KOSPI","기계","3840","170","4.63","108925347840"
"002820","SUN&L","KOSPI","종이목재","3515","-5","-0.14","44317081335"
"084870","TBH글로벌","KOSPI","섬유의복","1640","-40","-2.38","34205183160"
"002710","TCC스틸","KOSPI","철강금속","8270","50","0.61","205453917330"
"069260","TKG휴켐스","KOSPI","화학","20250","-50","-0.25","827791407000"
"002900","TYM","KOSPI","기계","2095","25","1.21","319181099965"
"024070","WISCOM","KOSPI","화학","2745","-20","-0.72","42071072310"
"037270","YG PLUS","KOSPI","서비스업","4105","10","0.24","260377728050"
"000500","가온전선","KOSPI","전기전자","15500","-600","-3.73","64485378500"
"000860","강남제비스코","KOSPI","화학","20900","-100","-0.48","135850000000"
"035250","강원랜드","KOSPI","서비스업","23850","200","0.85","5102480925000"
"011420","갤럭시아에스엠","KOSPI","서비스업","1790","-15","-0.83","49313862760"
"002100","경농","KOSPI","화학","8900","20","0.23","173750917500"
"009450","경동나비엔","KOSPI","전기전자","33800","300","0.90","492418409600"
"267290","경동도시가스","KOSPI","전기가스업","20600","-200","-0.96","121445363600"
"012320","경동인베스트","KOSPI","기타금융","29350","50","0.17","69413425050"
"000050","경방","KOSPI","유통업","10800","-100","-0.92","296084916000"
"214390","경보제약","KOSPI","의약품","5010","0","0.00","119773368600"
"012610","경인양행","KOSPI","화학","4600","10","0.22","191435279000"
"009140","경인전자","KOSPI","전기전자","25500","-600","-2.30","40055323500"
"013580","계룡건설","KOSPI","건설업","17300","300","1.76","154504691100"
"012200","계양전기","KOSPI","기계","2645","-125","-4.51","86227000000"
"012205","계양전기우","KOSPI","기계","5070","-10","-0.20","7098000000"
"002140","고려산업","KOSPI","음식료품","5640","-530","-8.59","140658357000"
"010130","고려아연","KOSPI","철강금속","608000","-1000","-0.16","12076800064000"
"002240","고려제강","KOSPI","철강금속","17800","-100","-0.56","409400000000"
"009290","광동제약","KOSPI","의약품","5680","-90","-1.56","297750433680"
"017040","광명전기","KOSPI","전기전자","1995","-20","-0.99","86458541925"
"017900","광전자","KOSPI","전기전자","2050","-30","-1.44","118784714150"
"037710","광주신세계","KOSPI","유통업","31700","-100","-0.31","253600000000"
"030610","교보증권","KOSPI","증권","5600","0","0.00","362058457600"
"339770","교촌에프앤비","KOSPI","유통업","9690","0","0.00","242080812600"
"007690","국도화학","KOSPI","화학","44650","550","1.25","402324004400"
"005320","국동","KOSPI","유통업","1015","-35","-3.33","56240526790"
"001140","국보","KOSPI","운수창고업","871","9","1.04","69140658509"
"002720","국제약품","KOSPI","의약품","4050","-50","-1.22","81790353450"
"083420","그린케미칼","KOSPI","화학","11450","100","0.88","274800000000"
"014530","극동유화","KOSPI","화학","3530","-25","-0.70","123089052600"
"014280","금강공업","KOSPI","철강금속","5070","95","1.91","148699839990"
"014285","금강공업우","KOSPI","철강금속","11900","0","0.00","7019512500"
"008870","금비","KOSPI","비금속광물","55100","0","0.00","55100000000"
"001570","금양","KOSPI","화학","14400","-1050","-6.80","835920532800"
"002990","금호건설","KOSPI","건설업","7280","140","1.96","269022171600"
"002995","금호건설우","KOSPI","건설업","20050","-50","-0.25","5859933300"
"011780","금호석유","KOSPI","화학","135000","3500","2.66","3957432120000"
"011785","금호석유우","KOSPI","화학","87000","300","0.35","263043282000"
"214330","금호에이치티","KOSPI","운수장비","1000","-25","-2.44","198979870000"
"001210","금호전기","KOSPI","전기전자","1030","-105","-9.25","28380816730"
"073240","금호타이어","KOSPI","화학","3140","100","3.29","901997301180"
"092440","기신정기","KOSPI","기계","3340","-40","-1.18","97528000000"
"000270","기아","KOSPI","운수장비","68200","800","1.19","27645780265400"
"024110","기업은행","KOSPI","은행","9920","80","0.81","7383461823040"
"013700","까뮤이앤씨","KOSPI","건설업","1720","-15","-0.86","77661921600"
"004540","깨끗한나라","KOSPI","종이목재","2905","15","0.52","108184213165"
"004545","깨끗한나라우","KOSPI","종이목재","17700","350","2.02","6481032000"
"001260","남광토건","KOSPI","건설업","8460","-50","-0.59","83153458440"
"008350","남선알미늄","KOSPI","철강금속","1710","0","0.00","220725243900"
"008355","남선알미우","KOSPI","철강금속","20650","-650","-3.05","6357928500"
"004270","남성","KOSPI","유통업","1820","-15","-0.82","65906131200"
"003920","남양유업","KOSPI","음식료품","368500","-2000","-0.54","265320000000"
"003925","남양유업우","KOSPI","음식료품","206000","-1500","-0.72","34332372000"
"025860","남해화학","KOSPI","화학","9090","370","4.24","451580682870"
"005720","넥센","KOSPI","화학","3850","-230","-5.64","206144311450"
"005725","넥센우","KOSPI","화학","2870","-60","-2.05","10333722000"
"002350","넥센타이어","KOSPI","화학","7330","530","7.79","715905538410"
"002355","넥센타이어1우B","KOSPI","화학","2825","10","0.36","18362500000"
"251270","넷마블","KOSPI","서비스업","44350","-4350","-8.93","3812037813700"
"090350","노루페인트","KOSPI","화학","7780","90","1.17","155600000000"
"090355","노루페인트우","KOSPI","화학","16050","900","5.94","7433172300"
"000320","노루홀딩스","KOSPI","기타금융","11050","100","0.91","146867218550"
"000325","노루홀딩스우","KOSPI","기타금융","22900","-400","-1.72","5577501100"
"006280","녹십자","KOSPI","의약품","118500","1000","0.85","1384854753000"
"005250","녹십자홀딩스","KOSPI","서비스업","15500","250","1.64","728937255000"
"005257","녹십자홀딩스2우","KOSPI","서비스업","39150","-700","-1.76","33120508500"
"004370","농심","KOSPI","음식료품","287000","-7000","-2.38","1745718254000"
"072710","농심홀딩스","KOSPI","기타금융","60300","100","0.17","279658737000"
"058730","다스코","KOSPI","기계","5060","245","5.09","93333030780"
"030210","다올투자증권","KOSPI","증권","3550","-10","-0.28","214115026600"
"023590","다우기술","KOSPI","서비스업","17400","350","2.05","780679135800"
"145210","다이나믹디자인","KOSPI","기계","13850","-100","-0.72","91431107400"
"019680","대교","KOSPI","서비스업","2260","-10","-0.44","191428441000"
"019685","대교우B","KOSPI","서비스업","1675","0","0.00","32540208250"
"006370","대구백화점","KOSPI","유통업","10050","140","1.41","108757190550"
"008060","대덕","KOSPI","기타금융","6040","60","1.00","204696506000"
"00806K","대덕1우","KOSPI","기타금융","7350","0","0.00","8910823950"
"353200","대덕전자","KOSPI","전기전자","24700","1100","4.66","1220598047500"
"35320K","대덕전자1우","KOSPI","전기전자","10000","230","2.35","20955190000"
"000490","대동","KOSPI","기계","10150","-50","-0.49","242913393100"
"008110","대동전자","KOSPI","전기전자","11100","-250","-2.20","116443961700"
"005750","대림B&Co","KOSPI","비금속광물","3790","-110","-2.82","63187789600"
"006570","대림통상","KOSPI","기계","3170","-25","-0.78","48263250000"
"001680","대상","KOSPI","음식료품","20900","400","1.95","724143722500"
"001685","대상우","KOSPI","음식료품","15400","100","0.65","21101434200"
"084690","대상홀딩스","KOSPI","기타금융","7200","0","0.00","260730273600"
"084695","대상홀딩스우","KOSPI","기타금융","9810","100","1.03","8961258420"
"128820","대성산업","KOSPI","유통업","4025","-15","-0.37","182072798950"
"117580","대성에너지","KOSPI","전기가스업","12500","200","1.63","343750000000"
"016710","대성홀딩스","KOSPI","서비스업","92700","1300","1.42","1491492849300"
"003540","대신증권","KOSPI","증권","14000","150","1.08","710827600000"
"003547","대신증권2우B","KOSPI","증권","13100","50","0.38","131000000000"
"003545","대신증권우","KOSPI","증권","13550","100","0.74","352300000000"
"009190","대양금속","KOSPI","철강금속","3210","-50","-1.53","103858792440"
"014160","대영포장","KOSPI","종이목재","1330","15","1.14","144164750170"
"047040","대우건설","KOSPI","건설업","4175","95","2.33","1735224513650"
"009320","대우부품","KOSPI","운수장비","1600","-30","-1.84","76234200000"
"042660","대우조선해양","KOSPI","운수장비","18900","-450","-2.33","2027793644100"
"003090","대웅","KOSPI","의약품","19050","-450","-2.31","1107604719000"
"069620","대웅제약","KOSPI","의약품","149500","-500","-0.33","1732192962500"
"000430","대원강업","KOSPI","운수장비","2560","-75","-2.85","158720000000"
"006340","대원전선","KOSPI","전기전자","1130","-5","-0.44","81319923420"
"006345","대원전선우","KOSPI","전기전자","2355","65","2.84","6172926000"
"003220","대원제약","KOSPI","의약품","15650","300","1.95","341840383400"
"024890","대원화성","KOSPI","화학","2695","-105","-3.75","111166464640"
"002880","대유에이텍","KOSPI","운수장비","634","5","0.79","73022614250"
"000300","대유플러스","KOSPI","전기전자","827","24","2.99","100065986098"
"012800","대창","KOSPI","철강금속","1190","5","0.42","108457193810"
"015230","대창단조","KOSPI","운수장비","5530","450","8.86","158004431900"
"001070","대한방직","KOSPI","섬유의복","51500","100","0.19","272950000000"
"006650","대한유화","KOSPI","화학","119500","8000","7.17","776750000000"
"001440","대한전선","KOSPI","전기전자","1440","-30","-2.04","1792041132960"
"084010","대한제강","KOSPI","철강금속","12200","-50","-0.41","300690154800"
"001790","대한제당","KOSPI","음식료품","2565","-75","-2.84","230071727700"
"001795","대한제당우","KOSPI","음식료품","2380","-55","-2.26","15428968800"
"001130","대한제분","KOSPI","음식료품","128500","-500","-0.39","217165000000"
"003490","대한항공","KOSPI","운수창고업","22100","700","3.27","8137676608100"
"003495","대한항공우","KOSPI","운수창고업","26350","-250","-0.94","29269421900"
"005880","대한해운","KOSPI","운수창고업","2030","0","0.00","647930243800"
"003830","대한화섬","KOSPI","화학","98500","-100","-0.10","130808000000"
"016090","대현","KOSPI","섬유의복","2025","-10","-0.49","89671677750"
"069460","대호에이엘","KOSPI","철강금속","1325","20","1.53","68904662675"
"192080","더블유게임즈","KOSPI","서비스업","46500","250","0.54","854414343000"
"012510","더존비즈온","KOSPI","서비스업","29250","0","0.00","888696432000"
"004830","덕성","KOSPI","화학","4635","-80","-1.70","72676800000"
"004835","덕성우","KOSPI","화학","6410","-120","-1.84","8922720000"
"024900","덕양산업","KOSPI","운수장비","2250","0","0.00","73271205000"
"145720","덴티움","KOSPI","의료정밀","81800","300","0.37","905430294000"
"002150","도화엔지니어링","KOSPI","서비스업","8020","560","7.51","270434400000"
"001230","동국제강","KOSPI","철강금속","11300","-250","-2.16","1078389928100"
"023450","동남합성","KOSPI","화학","53600","-100","-0.19","193496000000"
"004140","동방","KOSPI","운수창고업","2095","-5","-0.24","100500849770"
"007590","동방아그로","KOSPI","화학","6200","20","0.32","84428977400"
"005960","동부건설","KOSPI","건설업","8050","-70","-0.86","184139322500"
"005965","동부건설우","KOSPI","건설업","23400","-550","-2.30","5282128800"
"026960","동서","KOSPI","유통업","19550","-750","-3.69","1949135000000"
"002210","동성제약","KOSPI","의약품","7000","150","2.19","182706790000"
"102260","동성케미컬","KOSPI","서비스업","4760","-30","-0.63","236523105280"
"000640","동아쏘시오홀딩스","KOSPI","기타금융","95600","-200","-0.21","606956082800"
"170900","동아에스티","KOSPI","의약품","49400","250","0.51","417258977200"
"028100","동아지질","KOSPI","건설업","13500","150","1.12","189710721000"
"282690","동아타이어","KOSPI","화학","11550","-50","-0.43","158616323250"
"001520","동양","KOSPI","비금속광물","950","-2","-0.21","226749859850"
"001527","동양2우B","KOSPI","비금속광물","12800","300","2.40","3949683200"
"084670","동양고속","KOSPI","운수창고업","13450","-50","-0.37","38945403050"
"082640","동양생명","KOSPI","보험","4960","20","0.40","800338581600"
"001525","동양우","KOSPI","비금속광물","6100","-80","-1.29","3768159100"
"008970","동양철관","KOSPI","철강금속","1000","0","0.00","118885290000"
"092780","동양피스톤","KOSPI","운수장비","4130","0","0.00","54385739800"
"049770","동원F&B","KOSPI","음식료품","139000","-2000","-1.42","536418236000"
"018500","동원금속","KOSPI","운수장비","918","-57","-5.85","42921028494"
"006040","동원산업","KOSPI","농업, 임업 및 어업","239500","3000","1.27","880795019500"
"030720","동원수산","KOSPI","농업, 임업 및 어업","8500","-160","-1.85","39557342500"
"014820","동원시스템즈","KOSPI","화학","44950","200","0.45","1303158125900"
"014825","동원시스템즈우","KOSPI","화학","28000","-1450","-4.92","7395108000"
"163560","동일고무벨트","KOSPI","화학","5860","10","0.17","81454000000"
"004890","동일산업","KOSPI","철강금속","174500","500","0.29","423200017500"
"002690","동일제강","KOSPI","철강금속","2245","-25","-1.10","45574308200"
"000020","동화약품","KOSPI","의약품","8720","120","1.40","243562418400"
"000150","두산","KOSPI","기타금융","80900","2000","2.53","1336778251500"
"000157","두산2우B","KOSPI","기타금융","81600","-1200","-1.45","72871900800"
"241560","두산밥캣","KOSPI","기계","29350","-100","-0.34","2942313022100"
"034020","두산에너빌리티","KOSPI","기계","13600","100","0.74","8680989248800"
"000155","두산우","KOSPI","기타금융","50200","1150","2.34","200622392400"
"336260","두산퓨얼셀","KOSPI","전기전자","26550","-700","-2.57","1738858425300"
"33626K","두산퓨얼셀1우","KOSPI","전기전자","8930","-160","-1.76","119342306000"
"33626L","두산퓨얼셀2우B","KOSPI","전기전자","11100","-150","-1.33","33147930000"
"016740","두올","KOSPI","운수장비","2350","-50","-2.08","77706698000"
"192650","드림텍","KOSPI","전기전자","10750","200","1.90","724340342750"
"024090","디씨엠","KOSPI","철강금속","13700","-50","-0.36","156180000000"
"003160","디아이","KOSPI","의료정밀","4195","40","0.96","132129013075"
"092200","디아이씨","KOSPI","운수장비","3900","-165","-4.06","151665419100"
"377190","디앤디플랫폼리츠","KOSPI","서비스업","3450","-150","-4.17","222180000000"
"013570","디와이","KOSPI","기타금융","5370","-70","-1.29","141336429210"
"210540","디와이파워","KOSPI","기계","9700","-30","-0.31","107104567600"
"115390","락앤락","KOSPI","화학","6450","-130","-1.98","323792863800"
"032350","롯데관광개발","KOSPI","서비스업","10100","200","2.02","730559775100"
"089860","롯데렌탈","KOSPI","서비스업","30250","-50","-0.17","1108180405750"
"330590","롯데리츠","KOSPI","서비스업","4710","-50","-1.05","1144383443640"
"000400","롯데손해보험","KOSPI","보험","1435","10","0.70","445332619200"
"023530","롯데쇼핑","KOSPI","유통업","89100","700","0.79","2520528070500"
"004000","롯데정밀화학","KOSPI","화학","59100","1400","2.43","1524780000000"
"286940","롯데정보통신","KOSPI","서비스업","23250","-50","-0.21","357964695750"
"280360","롯데제과","KOSPI","음식료품","129000","-2500","-1.90","1217060046000"
"004990","롯데지주","KOSPI","기타금융","39200","2150","5.80","4112442090400"
"00499K","롯데지주우","KOSPI","기타금융","47000","-300","-0.63","37863341000"
"005300","롯데칠성","KOSPI","음식료품","144000","-2500","-1.71","1336159296000"
"005305","롯데칠성우","KOSPI","음식료품","66800","-400","-0.60","51790708000"
"011170","롯데케미칼","KOSPI","화학","162500","9500","6.21","5569755587500"
"071840","롯데하이마트","KOSPI","유통업","12500","-100","-0.79","295096400000"
"027740","마니커","KOSPI","음식료품","1220","20","1.67","77483698160"
"357430","마스턴프리미어리츠","KOSPI","서비스업","3520","-210","-5.63","93561600000"
"001080","만호제강","KOSPI","철강금속","25500","250","0.99","105825000000"
"088980","맥쿼리인프라","KOSPI","기타금융","11800","50","0.43","4777177454600"
"094800","맵스리얼티1","KOSPI","기타금융","4130","65","1.60","383405787030"
"138040","메리츠금융지주","KOSPI","기타금융","20850","0","0.00","2659872488700"
"008560","메리츠증권","KOSPI","증권","3450","-5","-0.14","2207001497550"
"000060","메리츠화재","KOSPI","보험","28350","0","0.00","3225748050000"
"090370","메타랩스","KOSPI","섬유의복","637","-52","-7.55","79321436376"
"017180","명문제약","KOSPI","의약품","2420","-35","-1.43","82167358680"
"009900","명신산업","KOSPI","운수장비","16150","-150","-0.92","847392647950"
"012690","모나리자","KOSPI","종이목재","2845","-55","-1.90","104045220475"
"005360","모나미","KOSPI","유통업","3115","-145","-4.45","58865111305"
"204210","모두투어리츠","KOSPI","서비스업","4470","10","0.22","34985863050"
"009680","모토닉","KOSPI","운수장비","7580","-40","-0.52","250140000000"
"009580","무림P&P","KOSPI","종이목재","4125","10","0.24","257269336500"
"009200","무림페이퍼","KOSPI","종이목재","2430","-150","-5.81","101110623300"
"033920","무학","KOSPI","음식료품","5080","-20","-0.39","144780000000"
"008420","문배철강","KOSPI","철강금속","4085","-145","-3.43","83756817925"
"025560","미래산업","KOSPI","의료정밀","8450","-60","-0.71","37619459150"
"007120","미래아이앤지","KOSPI","서비스업","329","20","6.47","45868496996"
"396690","미래에셋글로벌리츠","KOSPI","서비스업","3885","-235","-5.70","112898100000"
"357250","미래에셋맵스리츠","KOSPI","서비스업","3600","-40","-1.10","72360000000"
"085620","미래에셋생명","KOSPI","보험","2670","-5","-0.19","472633224630"
"006800","미래에셋증권","KOSPI","증권","6230","130","2.13","3833421221840"
"00680K","미래에셋증권2우B","KOSPI","증권","3710","25","0.68","519400000000"
"006805","미래에셋증권우","KOSPI","증권","4090","0","0.00","57569817500"
"002840","미원상사","KOSPI","화학","168500","-1500","-0.88","837445000000"
"268280","미원에스씨","KOSPI","화학","174000","-3000","-1.69","887400000000"
"107590","미원홀딩스","KOSPI","기타금융","127500","-500","-0.39","295800000000"
"134380","미원화학","KOSPI","화학","60400","-700","-1.15","132835787200"
"003650","미창석유","KOSPI","화학","74000","300","0.41","128735728000"
"155900","바다로19호","KOSPI","서비스업","3260","-15","-0.46","49552013040"
"003610","방림","KOSPI","섬유의복","5280","140","2.72","223418395200"
"001340","백광산업","KOSPI","화학","3995","0","0.00","179449035965"
"035150","백산","KOSPI","화학","8540","-10","-0.12","207820900000"
"002410","범양건영","KOSPI","건설업","3100","10","0.32","76979144200"
"096300","베트남개발1","KOSPI","기타금융","315","-105","-25.00","43369266465"
"007210","벽산","KOSPI","비금속광물","1810","-75","-3.98","124093600000"
"002760","보락","KOSPI","화학","1395","0","0.00","83560500000"
"003850","보령","KOSPI","의약품","9620","440","4.79","660797800000"
"000890","보해양조","KOSPI","음식료품","616","0","0.00","85697999464"
"003000","부광약품","KOSPI","의약품","7110","50","0.71","505258278390"
"001270","부국증권","KOSPI","증권","21850","100","0.46","226582009100"
"001275","부국증권우","KOSPI","증권","19250","0","0.00","57750000000"
"026940","부국철강","KOSPI","철강금속","3140","-70","-2.18","62800000000"
"011390","부산산업","KOSPI","비금속광물","64700","-800","-1.22","68323200000"
"005030","부산주공","KOSPI","운수장비","718","2","0.28","52363013384"
"002070","비비안","KOSPI","섬유의복","1270","-15","-1.17","37838367300"
"100220","비상교육","KOSPI","서비스업","5840","-40","-0.68","75900967440"
"030790","비케이탑스","KOSPI","서비스업","904","0","0.00","19208323080"
"005180","빙그레","KOSPI","음식료품","38600","-400","-1.03","380257902600"
"003960","사조대림","KOSPI","음식료품","25000","100","0.40","229111675000"
"008040","사조동아원","KOSPI","음식료품","1065","-55","-4.91","150318999000"
"007160","사조산업","KOSPI","농업, 임업 및 어업","41700","250","0.60","208500000000"
"014710","사조씨푸드","KOSPI","음식료품","4670","0","0.00","80410595810"
"006090","사조오양","KOSPI","음식료품","7570","-100","-1.30","71330134230"
"001470","삼부토건","KOSPI","건설업","1405","25","1.81","263681091875"
"006400","삼성SDI","KOSPI","전기전자","610000","10000","1.67","41946363300000"
"006405","삼성SDI우","KOSPI","전기전자","288500","2500","0.87","466762996000"
"006660","삼성공조","KOSPI","운수장비","10100","170","1.71","82075771400"
"028260","삼성물산","KOSPI","유통업","108000","-1500","-1.37","20183804748000"
"02826K","삼성물산우B","KOSPI","유통업","98100","-500","-0.51","159650392500"
"207940","삼성바이오로직스","KOSPI","의약품","820000","18000","2.24","58362680000000"
"032830","삼성생명","KOSPI","보험","65100","0","0.00","13020000000000"
"018260","삼성에스디에스","KOSPI","서비스업","117500","3000","2.62","9091891500000"
"028050","삼성엔지니어링","KOSPI","서비스업","23500","400","1.73","4606000000000"
"009150","삼성전기","KOSPI","전기전자","117000","0","0.00","8739162432000"
"009155","삼성전기우","KOSPI","전기전자","61100","-400","-0.65","177616722400"
"005930","삼성전자","KOSPI","전기전자","55800","400","0.72","333113866290000"
"005935","삼성전자우","KOSPI","전기전자","50500","300","0.60","41555778350000"
"001360","삼성제약","KOSPI","의약품","2740","-35","-1.26","184024096460"
"010140","삼성중공업","KOSPI","운수장비","5300","30","0.57","4664000000000"
"010145","삼성중공우","KOSPI","운수장비","187500","-2500","-1.32","21533437500"
"016360","삼성증권","KOSPI","증권","31300","250","0.81","2795090000000"
"068290","삼성출판사","KOSPI","서비스업","24600","200","0.82","246000000000"
"029780","삼성카드","KOSPI","기타금융","30250","50","0.17","3504731452750"
"000810","삼성화재","KOSPI","보험","187500","-4000","-2.09","8882781937500"
"000815","삼성화재우","KOSPI","보험","155500","500","0.32","496356000000"
"006110","삼아알미늄","KOSPI","철강금속","26150","-450","-1.69","287650000000"
"145990","삼양사","KOSPI","음식료품","35500","550","1.57","366127439500"
"145995","삼양사우","KOSPI","음식료품","30750","0","0.00","11379652500"
"003230","삼양식품","KOSPI","음식료품","104500","-3000","-2.79","787200067500"
"002170","삼양통상","KOSPI","기타제조업","50900","300","0.59","152700000000"
"272550","삼양패키징","KOSPI","화학","16500","-250","-1.49","260513071500"
"000070","삼양홀딩스","KOSPI","기타금융","62400","400","0.65","534410510400"
"000075","삼양홀딩스우","KOSPI","기타금융","57200","-900","-1.55","17392117600"
"002810","삼영무역","KOSPI","유통업","12500","-150","-1.19","230836850000"
"005680","삼영전자","KOSPI","전기전자","9500","40","0.42","190000000000"
"003720","삼영화학","KOSPI","화학","2385","15","0.63","81090000000"
"023000","삼원강재","KOSPI","운수장비","2495","30","1.22","99800000000"
"004380","삼익THK","KOSPI","기계","11300","-100","-0.88","237300000000"
"002450","삼익악기","KOSPI","기타제조업","1165","-15","-1.27","105468515975"
"004440","삼일씨엔에스","KOSPI","비금속광물","6250","-20","-0.32","79574668750"
"000520","삼일제약","KOSPI","의약품","7670","30","0.39","105091617150"
"009770","삼정펄프","KOSPI","종이목재","25000","-200","-0.79","62499275000"
"005500","삼진제약","KOSPI","의약품","24450","-350","-1.41","339855000000"
"004690","삼천리","KOSPI","전기가스업","276000","-12500","-4.33","1119186900000"
"010960","삼호개발","KOSPI","건설업","3815","5","0.13","95375000000"
"004450","삼화왕관","KOSPI","기계","33000","-450","-1.35","71094507000"
"009470","삼화전기","KOSPI","전기전자","14250","-100","-0.70","94246935000"
"011230","삼화전자","KOSPI","전기전자","2750","50","1.85","28759335000"
"001820","삼화콘덴서","KOSPI","전기전자","30300","100","0.33","314968500000"
"000390","삼화페인트","KOSPI","화학","6000","10","0.17","163220814000"
"001290","상상인증권","KOSPI","증권","871","-9","-1.02","94361631520"
"041650","상신브레이크","KOSPI","운수장비","2610","-20","-0.76","56040484500"
"075180","새론오토모티브","KOSPI","운수장비","4915","-60","-1.21","94368000000"
"007540","샘표","KOSPI","기타금융","52000","-2500","-4.59","149541600000"
"248170","샘표식품","KOSPI","음식료품","31050","0","0.00","141845280300"
"007860","서연","KOSPI","기타금융","5180","60","1.17","121625591920"
"200880","서연이화","KOSPI","운수장비","6540","40","0.62","176765977980"
"017390","서울가스","KOSPI","전기가스업","301000","1000","0.33","1505000000000"
"004410","서울식품","KOSPI","음식료품","221","6","2.79","82820978539"
"004415","서울식품우","KOSPI","음식료품","2895","-25","-0.86","6439927500"
"021050","서원","KOSPI","철강금속","1165","-5","-0.43","55307897350"
"008490","서흥","KOSPI","화학","31450","-1150","-3.53","363848603850"
"007610","선도전기","KOSPI","전기전자","3000","0","0.00","54000000000"
"136490","선진","KOSPI","음식료품","8030","-90","-1.11","190950220120"
"014910","성문전자","KOSPI","전기전자","1520","-50","-3.18","29620022640"
"014915","성문전자우","KOSPI","전기전자","8030","30","0.38","4818000000"
"003080","성보화학","KOSPI","화학","2885","-75","-2.53","57757700000"
"004980","성신양회","KOSPI","비금속광물","7910","-50","-0.63","193922137430"
"004985","성신양회우","KOSPI","비금속광물","11250","-50","-0.44","8276006250"
"011300","성안","KOSPI","섬유의복","968","-22","-2.22","55038408480"
"000180","성창기업지주","KOSPI","서비스업","1810","-15","-0.82","126250396000"
"002420","세기상사","KOSPI","유통업","7340","-160","-2.13","38851706320"
"004360","세방","KOSPI","운수창고업","15400","0","0.00","297353826000"
"004365","세방우","KOSPI","운수창고업","7220","-140","-1.90","26636385000"
"004490","세방전지","KOSPI","전기전자","36850","-350","-0.94","515900000000"
"001430","세아베스틸지주","KOSPI","철강금속","17200","1050","6.50","616828446800"
"306200","세아제강","KOSPI","철강금속","141000","2000","1.44","399918300000"
"003030","세아제강지주","KOSPI","기타금융","146000","3500","2.46","604681922000"
"019440","세아특수강","KOSPI","철강금속","17600","600","3.53","150832000000"
"058650","세아홀딩스","KOSPI","철강금속","94700","0","0.00","378800000000"
"013000","세우글로벌","KOSPI","유통업","1280","-25","-1.92","36742439680"
"091090","세원이앤씨","KOSPI","기계","777","-14","-1.77","165723139638"
"021820","세원정공","KOSPI","운수장비","8090","0","0.00","80900000000"
"067830","세이브존I&C","KOSPI","유통업","2560","-40","-1.54","105064691200"
"033530","세종공업","KOSPI","운수장비","4500","-5","-0.11","125194324500"
"075580","세진중공업","KOSPI","운수장비","5810","-60","-1.02","330295339360"
"027970","세하","KOSPI","종이목재","1105","-45","-3.91","63607111685"
"308170","센트랄모텍","KOSPI","운수장비","13000","-100","-0.76","111930000000"
"012600","센트럴인사이트","KOSPI","기계","2490","0","0.00","45159499050"
"068270","셀트리온","KOSPI","의약품","164500","-500","-0.30","23160261957000"
"336370","솔루스첨단소재","KOSPI","전기전자","29550","150","0.51","1037535812250"
"33637K","솔루스첨단소재1우","KOSPI","전기전자","7980","-20","-0.25","67472647620"
"33637L","솔루스첨단소재2우B","KOSPI","전기전자","9540","-420","-4.22","18024399000"
"248070","솔루엠","KOSPI","전기전자","17700","-100","-0.56","885098252700"
"004430","송원산업","KOSPI","화학","16700","350","2.14","400800000000"
"126720","수산인더스트리","KOSPI","건설업","25750","-1900","-6.87","367864500000"
"017550","수산중공업","KOSPI","기계","2520","100","4.13","136042610760"
"053210","스카이라이프","KOSPI","서비스업","7940","0","0.00","379706410040"
"026890","스틱인베스트먼트","KOSPI","기타금융","5540","-40","-0.72","230897089500"
"134790","시디즈","KOSPI","기타제조업","39550","-50","-0.13","79100000000"
"016590","신대양제지","KOSPI","종이목재","82000","700","0.86","330442124000"
"029530","신도리코","KOSPI","전기전자","32300","400","1.25","325584936700"
"004970","신라교역","KOSPI","농업, 임업 및 어업","10900","-150","-1.36","174400000000"
"011930","신성이엔지","KOSPI","전기전자","1905","-35","-1.80","392140727655"
"005390","신성통상","KOSPI","유통업","2270","-20","-0.87","326218045300"
"004170","신세계","KOSPI","유통업","225000","-4000","-1.75","2215165725000"
"035510","신세계 I&C","KOSPI","서비스업","12200","0","0.00","209840000000"
"034300","신세계건설","KOSPI","건설업","18850","350","1.89","75400000000"
"031430","신세계인터내셔날","KOSPI","유통업","24800","-150","-0.60","885360000000"
"031440","신세계푸드","KOSPI","서비스업","48800","-800","-1.61","188977024000"
"006880","신송홀딩스","KOSPI","유통업","8450","-570","-6.32","99953850100"
"005800","신영와코루","KOSPI","섬유의복","11400","300","2.70","102600000000"
"001720","신영증권","KOSPI","증권","55500","200","0.36","520936153500"
"001725","신영증권우","KOSPI","증권","57000","-700","-1.21","402064491000"
"009270","신원","KOSPI","섬유의복","1485","20","1.37","152340738660"
"002700","신일전자","KOSPI","유통업","1730","5","0.29","122912211330"
"019170","신풍제약","KOSPI","의약품","19800","500","2.59","1049102802000"
"019175","신풍제약우","KOSPI","의약품","30150","150","0.50","66330000000"
"002870","신풍제지","KOSPI","유통업","1260","5","0.40","44047962000"
"404990","신한서부티엔디리츠","KOSPI","서비스업","3740","-230","-5.79","209275006160"
"293940","신한알파리츠","KOSPI","서비스업","7170","0","0.00","529361981910"
"055550","신한지주","KOSPI","기타금융","34950","300","0.87","17927047878450"
"004080","신흥","KOSPI","유통업","14550","-150","-1.02","138225000000"
"102280","쌍방울","KOSPI","섬유의복","399","6","1.53","104774259471"
"003410","쌍용C&E","KOSPI","비금속광물","5840","10","0.17","2942540034800"
"003620","쌍용차","KOSPI","운수장비","2770","0","0.00","415056805540"
"004770","써니전자","KOSPI","전기전자","2275","-10","-0.44","79272400025"
"015540","쎌마테라퓨틱스","KOSPI","서비스업","6410","0","0.00","157390672070"
"403550","쏘카","KOSPI","서비스업","19350","1850","10.57","633241366200"
"004920","씨아이테크","KOSPI","기타제조업","788","-37","-4.48","34364729644"
"112610","씨에스윈드","KOSPI","기계","62100","100","0.16","2618844126300"
"008700","아남전자","KOSPI","전기전자","1710","20","1.18","131883442200"
"002790","아모레G","KOSPI","화학","24250","-50","-0.21","1999610865000"
"00279K","아모레G3우(전환)","KOSPI","화학","20400","0","0.00","144680880000"
"002795","아모레G우","KOSPI","화학","10950","-250","-2.23","70559281500"
"090430","아모레퍼시픽","KOSPI","화학","99600","1300","1.32","5825878796400"
"090435","아모레퍼시픽우","KOSPI","화학","38000","-50","-0.13","401197540000"
"002030","아세아","KOSPI","서비스업","105500","2500","2.43","231153032000"
"183190","아세아시멘트","KOSPI","비금속광물","9320","80","0.87","363089398800"
"002310","아세아제지","KOSPI","종이목재","35850","1700","4.98","321090596700"
"012170","아센디오","KOSPI","서비스업","878","-4","-0.45","70687074088"
"267850","아시아나IDT","KOSPI","서비스업","10900","0","0.00","120990000000"
"020560","아시아나항공","KOSPI","운수창고업","11800","600","5.36","878058815200"
"122900","아이마켓코리아","KOSPI","유통업","10550","50","0.48","352674262000"
"010780","아이에스동서","KOSPI","비금속광물","30350","1600","5.57","937590592100"
"139990","아주스틸","KOSPI","철강금속","9100","70","0.78","240714919900"
"001780","알루코","KOSPI","철강금속","2260","35","1.57","203330916320"
"018250","애경산업","KOSPI","화학","11250","250","2.27","297111768750"
"161000","애경케미칼","KOSPI","화학","9680","260","2.76","470919503120"
"011090","에넥스","KOSPI","기타제조업","922","2","0.22","55312293002"
"137310","에스디바이오센서","KOSPI","의료정밀","26450","0","0.00","2731527286850"
"005850","에스엘","KOSPI","운수장비","28400","300","1.07","1319137968000"
"010580","에스엠벡셀","KOSPI","운수장비","1735","10","0.58","193021803600"
"012750","에스원","KOSPI","서비스업","55700","-600","-1.07","2116554214600"
"023960","에쓰씨엔지니어링","KOSPI","건설업","1450","-50","-3.33","45311564750"
"298690","에어부산","KOSPI","운수창고업","2240","5","0.22","261273600000"
"140910","에이리츠","KOSPI","서비스업","4095","-55","-1.33","18276116040"
"078520","에이블씨엔씨","KOSPI","화학","4535","-50","-1.09","122596736565"
"015260","에이엔피","KOSPI","전기전자","2100","35","1.69","61000419900"
"007460","에이프로젠","KOSPI","기계","896","-3","-0.33","681834108032"
"003060","에이프로젠제약","KOSPI","의약품","523","-24","-4.39","208455186286"
"244920","에이플러스에셋","KOSPI","기타금융","4900","20","0.41","110777695700"
"036570","엔씨소프트","KOSPI","서비스업","337000","1000","0.30","7398505414000"
"380440","엔에이치스팩19호","KOSPI","기타금융","2050","10","0.49","105144500000"
"085310","엔케이","KOSPI","기계","899","17","1.93","71905033448"
"900140","엘브이엠씨홀딩스","KOSPI","유통업","2570","70","2.80","255600113290"
"097520","엠씨넥스","KOSPI","전기전자","27050","600","2.27","486297650600"
"014440","영보화학","KOSPI","화학","3350","-50","-1.47","67000000000"
"111770","영원무역","KOSPI","유통업","42200","-50","-0.12","1869943949600"
"009970","영원무역홀딩스","KOSPI","기타금융","51200","-1800","-3.40","698142310400"
"003520","영진약품","KOSPI","의약품","2560","55","2.20","468205391360"
"000670","영풍","KOSPI","철강금속","652000","-7000","-1.06","1201010080000"
"006740","영풍제지","KOSPI","종이목재","7130","90","1.28","158286000000"
"012280","영화금속","KOSPI","운수장비","884","-8","-0.90","47200742420"
"012160","영흥","KOSPI","철강금속","642","-21","-3.17","65041258824"
"015360","예스코홀딩스","KOSPI","서비스업","31400","-450","-1.41","188400000000"
"007310","오뚜기","KOSPI","음식료품","441000","-3500","-0.79","1619343621000"
"002630","오리엔트바이오","KOSPI","의약품","618","3","0.49","73284297090"
"271560","오리온","KOSPI","음식료품","96700","-1500","-1.53","3823143964400"
"001800","오리온홀딩스","KOSPI","기타금융","14700","-300","-2.00","920887703400"
"011690","와이투솔루션","KOSPI","전기전자","599","-11","-1.80","95382146563"
"070960","용평리조트","KOSPI","서비스업","3120","-5","-0.16","150175998960"
"316140","우리금융지주","KOSPI","기타금융","11350","250","2.25","8263487231150"
"010050","우리종금","KOSPI","기타금융","717","2","0.28","626803842102"
"006980","우성","KOSPI","음식료품","19850","-250","-1.24","61336500000"
"017370","우신시스템","KOSPI","기계","2325","-40","-1.69","42580175550"
"105840","우진","KOSPI","의료정밀","8410","60","0.72","170921593740"
"010400","우진아이엔에스","KOSPI","건설업","5110","-460","-8.26","38948420000"
"049800","우진플라임","KOSPI","기계","3665","-5","-0.14","73300000000"
"016880","웅진","KOSPI","서비스업","1090","-10","-0.91","87120517200"
"095720","웅진씽크빅","KOSPI","서비스업","2225","10","0.45","257000816625"
"005820","원림","KOSPI","섬유의복","20950","1450","7.44","48142471500"
"010600","웰바이오텍","KOSPI","유통업","1370","0","0.00","91011982480"
"008600","윌비스","KOSPI","유통업","724","15","2.12","48678892236"
"033270","유나이티드제약","KOSPI","의약품","21250","-2250","-9.57","345202467500"
"014830","유니드","KOSPI","화학","91500","7300","8.67","813420634500"
"000910","유니온","KOSPI","비금속광물","5090","-190","-3.60","79463140710"
"047400","유니온머티리얼","KOSPI","비금속광물","2800","-130","-4.44","117600000000"
"011330","유니켐","KOSPI","기타제조업","1070","-15","-1.38","78025877670"
"077500","유니퀘스트","KOSPI","유통업","8140","40","0.49","222677636500"
"002920","유성기업","KOSPI","운수장비","2635","-25","-0.94","68371662500"
"000700","유수홀딩스","KOSPI","서비스업","6070","-210","-3.34","158073798840"
"003470","유안타증권","KOSPI","증권","2525","-5","-0.20","503981354400"
"003475","유안타증권우","KOSPI","증권","2715","-5","-0.18","35056655580"
"072130","유엔젤","KOSPI","서비스업","2735","-25","-0.91","36089566690"
"000220","유유제약","KOSPI","의약품","5840","-70","-1.18","100636929840"
"000225","유유제약1우","KOSPI","의약품","7550","-20","-0.26","17115321500"
"000227","유유제약2우B","KOSPI","의약품","14300","0","0.00","4655508000"
"001200","유진투자증권","KOSPI","증권","2355","70","3.06","228120414390"
"000100","유한양행","KOSPI","의약품","54900","0","0.00","4020408032400"
"000105","유한양행우","KOSPI","의약품","53300","800","1.52","62944102000"
"003460","유화증권","KOSPI","증권","2305","10","0.44","130699066575"
"003465","유화증권우","KOSPI","증권","2500","-10","-0.40","43691062500"
"008730","율촌화학","KOSPI","화학","28850","100","0.35","715480000000"
"008250","이건산업","KOSPI","종이목재","7100","30","0.42","77763708500"
"025820","이구산업","KOSPI","철강금속","2590","-25","-0.96","86614780000"
"214320","이노션","KOSPI","서비스업","40700","-900","-2.16","814000000000"
"088260","이리츠코크렙","KOSPI","서비스업","5130","-40","-0.77","324942356700"
"139480","이마트","KOSPI","유통업","87200","3700","4.43","2430771416800"
"007660","이수페타시스","KOSPI","전기전자","5200","190","3.79","328881378800"
"005950","이수화학","KOSPI","화학","22800","700","3.17","637477603200"
"015020","이스타코","KOSPI","서비스업","871","-28","-3.11","37323743600"
"093230","이아이디","KOSPI","유통업","1030","-25","-2.37","104919950900"
"074610","이엔플러스","KOSPI","기계","3935","150","3.96","227210716950"
"102460","이연제약","KOSPI","의약품","18100","100","0.56","325774243700"
"084680","이월드","KOSPI","기타제조업","1500","0","0.00","212709289500"
"350520","이지스레지던스리츠","KOSPI","서비스업","4075","-25","-0.61","115561364275"
"334890","이지스밸류리츠","KOSPI","서비스업","4160","-45","-1.07","152860593600"
"000760","이화산업","KOSPI","유통업","15400","150","0.98","43120000000"
"014990","인디에프","KOSPI","섬유의복","545","-6","-1.09","38538582275"
"101140","인바이오젠","KOSPI","유통업","778","-107","-12.09","41542725960"
"006490","인스코비","KOSPI","통신업","1510","-40","-2.58","165932898870"
"023800","인지컨트롤스","KOSPI","운수장비","9270","20","0.22","142138884510"
"034590","인천도시가스","KOSPI","전기가스업","26150","-1050","-3.86","114399817100"
"129260","인터지스","KOSPI","운수창고업","2570","-25","-0.96","76452036180"
"023810","인팩","KOSPI","운수장비","6260","-110","-1.73","62600000000"
"249420","일동제약","KOSPI","의약품","28550","-600","-2.06","765233786750"
"000230","일동홀딩스","KOSPI","의약품","25400","-600","-2.31","293126160000"
"013360","일성건설","KOSPI","건설업","2215","-5","-0.23","119665109200"
"003120","일성신약","KOSPI","의약품","101000","0","0.00","268660000000"
"003200","일신방직","KOSPI","섬유의복","98700","700","0.71","236880000000"
"007110","일신석재","KOSPI","유통업","1130","-10","-0.88","87525969300"
"007570","일양약품","KOSPI","의약품","16900","100","0.60","322547721600"
"007575","일양약품우","KOSPI","의약품","19700","-250","-1.25","8768076000"
"008500","일정실업","KOSPI","섬유의복","21900","-100","-0.45","26280000000"
"081000","일진다이아","KOSPI","화학","15200","-200","-1.30","215885220000"
"020760","일진디스플","KOSPI","전기전자","1210","10","0.83","62331626610"
"020150","일진머티리얼즈","KOSPI","전기전자","54500","-2300","-4.05","2513040507500"
"103590","일진전기","KOSPI","전기전자","4320","-80","-1.82","160187284800"
"271940","일진하이솔루스","KOSPI","운수장비","29400","250","0.86","1067607786000"
"015860","일진홀딩스","KOSPI","기타금융","4050","-205","-4.82","199857306150"
"226320","잇츠한불","KOSPI","화학","14950","-200","-1.32","327843259250"
"317400","자이에스앤디","KOSPI","서비스업","6100","100","1.67","236573372000"
"033240","자화전자","KOSPI","전기전자","20250","-600","-2.88","406204733250"
"000950","전방","KOSPI","섬유의복","70000","2800","4.17","117600000000"
"348950","제이알글로벌리츠","KOSPI","서비스업","4340","-30","-0.69","856611840000"
"194370","제이에스코퍼레이션","KOSPI","기타제조업","14550","200","1.39","194032994550"
"025620","제이준코스메틱","KOSPI","화학","404","-2","-0.49","31101040696"
"030000","제일기획","KOSPI","서비스업","22850","0","0.00","2628691991250"
"271980","제일약품","KOSPI","의약품","16650","50","0.30","244836118800"
"001560","제일연마","KOSPI","비금속광물","7880","30","0.38","78800000000"
"002620","제일파마홀딩스","KOSPI","서비스업","9490","50","0.53","151587138950"
"006220","제주은행","KOSPI","은행","8560","-1020","-10.65","275022305440"
"089590","제주항공","KOSPI","운수창고업","11800","150","1.29","587164082400"
"004910","조광페인트","KOSPI","화학","7220","-50","-0.69","92416000000"
"004700","조광피혁","KOSPI","기타제조업","46250","-1650","-3.44","307522632500"
"001550","조비","KOSPI","화학","14800","400","2.78","76845137200"
"000480","조선내화","KOSPI","비금속광물","77000","100","0.13","308000000000"
"120030","조선선재","KOSPI","기계","104500","0","0.00","131424529500"
"018470","조일알미늄","KOSPI","철강금속","2300","40","1.77","289412958300"
"002600","조흥","KOSPI","음식료품","182000","-500","-0.27","109200000000"
"185750","종근당","KOSPI","의약품","74800","-1100","-1.45","896705242400"
"063160","종근당바이오","KOSPI","의약품","20500","-100","-0.49","112462221000"
"001630","종근당홀딩스","KOSPI","의약품","49650","-50","-0.10","248739598650"
"044380","주연테크","KOSPI","전기전자","587","-16","-2.65","34749956228"
"013890","지누스","KOSPI","기타제조업","32450","-550","-1.67","559192385950"
"013870","지엠비코리아","KOSPI","운수장비","4400","-80","-1.79","83918032000"
"071320","지역난방공사","KOSPI","전기가스업","29350","-50","-0.17","339836136400"
"035000","지투알","KOSPI","서비스업","5820","70","1.22","96422320380"
"088790","진도","KOSPI","유통업","2405","5","0.21","29936824320"
"003780","진양산업","KOSPI","화학","6790","-30","-0.44","88270000000"
"010640","진양폴리","KOSPI","화학","5790","-180","-3.02","57900000000"
"100250","진양홀딩스","KOSPI","화학","3065","-35","-1.13","171319069980"
"051630","진양화학","KOSPI","화학","3700","-20","-0.54","58460000000"
"272450","진에어","KOSPI","운수창고업","14550","-300","-2.02","759510000000"
"011000","진원생명과학","KOSPI","의약품","10150","50","0.50","789178729850"
"002780","진흥기업","KOSPI","건설업","1250","10","0.81","181839681250"
"002787","진흥기업2우B","KOSPI","건설업","12800","-600","-4.48","3773542400"
"002785","진흥기업우B","KOSPI","건설업","4895","45","0.93","4196082110"
"009310","참엔지니어링","KOSPI","기계","802","22","2.82","47211670038"
"000650","천일고속","KOSPI","운수창고업","59600","-1300","-2.13","85181512000"
"033250","체시스","KOSPI","운수장비","927","23","2.54","29664000000"
"118000","초록뱀헬스케어","KOSPI","유통업","538","-13","-2.36","45571281930"
"035720","카카오","KOSPI","서비스업","49850","-250","-0.50","22199284800850"
"323410","카카오뱅크","KOSPI","은행","17750","-50","-0.28","8460208006750"
"377300","카카오페이","KOSPI","기타금융","36200","-150","-0.41","4801239195400"
"006380","카프로","KOSPI","화학","2215","5","0.23","88600000000"
"109070","컨버즈","KOSPI","전기전자","4100","0","0.00","150921943000"
"001620","케이비아이동국실업","KOSPI","운수장비","538","-12","-2.18","53946882608"
"029460","케이씨","KOSPI","의료정밀","14800","250","1.72","200599851200"
"281820","케이씨텍","KOSPI","의료정밀","14600","100","0.69","304578717600"
"381970","케이카","KOSPI","유통업","12700","300","2.42","610698969100"
"145270","케이탑리츠","KOSPI","서비스업","915","-5","-0.54","43975608210"
"417310","코람코더원리츠","KOSPI","서비스업","4095","-245","-5.65","165438000000"
"357120","코람코에너지리츠","KOSPI","서비스업","4555","-75","-1.62","403274529070"
"007815","코리아써우","KOSPI","전기전자","6910","160","2.37","20486007900"
"007810","코리아써키트","KOSPI","전기전자","14200","200","1.43","335414664200"
"00781K","코리아써키트2우B","KOSPI","전기전자","8580","-70","-0.81","6724137420"
"003690","코리안리","KOSPI","보험","7360","-80","-1.08","885916693760"
"192820","코스맥스","KOSPI","화학","43550","-1850","-4.07","494271116950"
"044820","코스맥스비티아이","KOSPI","기타금융","7350","-170","-2.26","70588819350"
"005070","코스모신소재","KOSPI","화학","54800","400","0.74","1679661428800"
"005420","코스모화학","KOSPI","화학","23350","600","2.64","817442123800"
"071950","코아스","KOSPI","기타제조업","737","-19","-2.51","22778613770"
"002020","코오롱","KOSPI","기타금융","26400","550","2.13","333337646400"
"003070","코오롱글로벌","KOSPI","건설업","13800","0","0.00","347904044400"
"003075","코오롱글로벌우","KOSPI","건설업","27600","600","2.22","8633362800"
"002025","코오롱우","KOSPI","기타금융","19150","1000","5.51","20612868500"
"120110","코오롱인더","KOSPI","화학","43400","300","0.70","1194328549400"
"120115","코오롱인더우","KOSPI","화학","24300","100","0.41","67258998000"
"138490","코오롱플라스틱","KOSPI","화학","9510","60","0.63","361380000000"
"021240","코웨이","KOSPI","서비스업","53800","1000","1.89","3970419502200"
"036420","콘텐트리중앙","KOSPI","서비스업","24100","-700","-2.82","464221622800"
"031820","콤텍시스템","KOSPI","서비스업","604","-13","-2.11","73115085464"
"192400","쿠쿠홀딩스","KOSPI","기타금융","16550","-100","-0.60","588554161750"
"284740","쿠쿠홈시스","KOSPI","서비스업","28650","-400","-1.38","642829504500"
"015590","큐로","KOSPI","기계","318","1","0.32","73525300884"
"264900","크라운제과","KOSPI","음식료품","8130","30","0.37","101818900500"
"26490K","크라운제과우","KOSPI","음식료품","10550","100","0.96","8161058000"
"005740","크라운해태홀딩스","KOSPI","기타금융","6020","-50","-0.82","89381028940"
"005745","크라운해태홀딩스우","KOSPI","기타금융","10200","0","0.00","6127405200"
"259960","크래프톤","KOSPI","서비스업","180500","2500","1.40","8857504122500"
"020120","키다리스튜디오","KOSPI","서비스업","6400","10","0.16","234244742400"
"039490","키움증권","KOSPI","증권","75000","1800","2.46","1966463475000"
"014580","태경비케이","KOSPI","비금속광물","5710","-30","-0.52","157499501000"
"015890","태경산업","KOSPI","화학","6940","-60","-0.86","202847525000"
"006890","태경케미컬","KOSPI","화학","11200","-100","-0.88","129920000000"
"003240","태광산업","KOSPI","화학","717000","-3000","-0.42","798307800000"
"011280","태림포장","KOSPI","종이목재","2455","-45","-1.80","173828582700"
"004100","태양금속","KOSPI","운수장비","1080","-20","-1.82","39636000000"
"004105","태양금속우","KOSPI","운수장비","1945","5","0.26","6418500000"
"009410","태영건설","KOSPI","건설업","4640","125","2.77","180491814720"
"009415","태영건설우","KOSPI","건설업","7700","-190","-2.41","10026493400"
"001420","태원물산","KOSPI","운수장비","4010","-10","-0.25","30476000000"
"007980","태평양물산","KOSPI","섬유의복","1290","-20","-1.53","62112967230"
"055490","테이팩스","KOSPI","화학","65900","-1900","-2.80","310893135000"
"078000","텔코웨어","KOSPI","서비스업","8630","-70","-0.80","83734352780"
"214420","토니모리","KOSPI","화학","3525","10","0.28","84793166475"
"019180","티에이치엔","KOSPI","전기전자","3765","140","3.86","67770000000"
"363280","티와이홀딩스","KOSPI","기타금융","11450","100","0.88","583140118600"
"36328K","티와이홀딩스우","KOSPI","기타금융","12650","250","2.02","15880025700"
"091810","티웨이항공","KOSPI","운수창고업","1580","25","1.61","253321840820"
"004870","티웨이홀딩스","KOSPI","비금속광물","439","9","2.09","48058281313"
"005690","파미셀","KOSPI","의약품","9080","-30","-0.33","544427266000"
"036580","팜스코","KOSPI","음식료품","4010","-135","-3.26","147279051430"
"004720","팜젠사이언스","KOSPI","의약품","6030","30","0.50","95460266700"
"028670","팬오션","KOSPI","운수창고업","4475","-95","-2.08","2392198566200"
"010820","퍼스텍","KOSPI","기계","2855","-160","-5.31","137215468300"
"016800","퍼시스","KOSPI","기타제조업","27350","200","0.74","314525000000"
"001020","페이퍼코리아","KOSPI","종이목재","1215","0","0.00","57793674150"
"090080","평화산업","KOSPI","운수장비","1230","5","0.41","67529778570"
"010770","평화홀딩스","KOSPI","운수장비","2930","0","0.00","42852615380"
"058430","포스코스틸리온","KOSPI","철강금속","27050","200","0.74","162300000000"
"047050","포스코인터내셔널","KOSPI","유통업","22150","250","1.14","2732759550350"
"003670","포스코케미칼","KOSPI","비금속광물","162000","-1000","-0.61","12549041640000"
"017810","풀무원","KOSPI","음식료품","10650","-200","-1.84","405983772300"
"103140","풍산","KOSPI","철강금속","26800","550","2.10","751050650400"
"005810","풍산홀딩스","KOSPI","기타금융","26200","200","0.77","272729633600"
"950210","프레스티지바이오파마","KOSPI","서비스업","7610","-180","-2.31","457331739550"
"009810","플레이그램","KOSPI","유통업","985","7","0.72","88371310010"
"086790","하나금융지주","KOSPI","기타금융","37350","500","1.36","11051994828600"
"293480","하나제약","KOSPI","의약품","14200","-300","-2.07","252375833200"
"039130","하나투어","KOSPI","서비스업","51500","900","1.78","826018027500"
"352820","하이브","KOSPI","서비스업","114500","-4000","-3.38","4734962811500"
"071090","하이스틸","KOSPI","철강금속","3855","-110","-2.77","77838120705"
"019490","하이트론","KOSPI","전기전자","2470","0","0.00","23739723280"
"000080","하이트진로","KOSPI","음식료품","25150","300","1.21","1763860316650"
"000087","하이트진로2우B","KOSPI","음식료품","16750","450","2.76","18929811500"
"000140","하이트진로홀딩스","KOSPI","기타금융","10050","-50","-0.50","233227988250"
"000145","하이트진로홀딩스우","KOSPI","기타금융","12650","-100","-0.78","5955746500"
"152550","한국ANKOR유전","KOSPI","기타금융","1685","-10","-0.59","117983700000"
"036460","한국가스공사","KOSPI","전기가스업","34550","50","0.14","3189414150000"
"005430","한국공항","KOSPI","운수창고업","35900","-250","-0.69","113672144500"
"071050","한국금융지주","KOSPI","기타금융","48750","1800","3.83","2716642110000"
"071055","한국금융지주우","KOSPI","기타금융","43700","200","0.46","256005568700"
"010040","한국내화","KOSPI","비금속광물","2705","55","2.08","111086402710"
"025540","한국단자","KOSPI","전기전자","55300","-1000","-1.78","575949500000"
"004090","한국석유","KOSPI","비금속광물","11550","-700","-5.71","146617086000"
"002200","한국수출포장","KOSPI","종이목재","24200","200","0.83","96800000000"
"002960","한국쉘석유","KOSPI","화학","244000","-1500","-0.61","317200000000"
"000240","한국앤컴퍼니","KOSPI","기타금융","12000","0","0.00","1139222880000"
"123890","한국자산신탁","KOSPI","기타금융","3040","15","0.50","376892366080"
"015760","한국전력","KOSPI","전기가스업","18150","-300","-1.63","11651647997550"
"006200","한국전자홀딩스","KOSPI","기타금융","1180","-15","-1.26","55227700480"
"009540","한국조선해양","KOSPI","운수장비","77300","700","0.91","5470761866800"
"023350","한국종합기술","KOSPI","서비스업","6970","570","8.91","76321500000"
"025890","한국주강","KOSPI","기계","2620","-50","-1.87","29630258580"
"000970","한국주철관","KOSPI","철강금속","6770","70","1.04","154359385000"
"104700","한국철강","KOSPI","철강금속","5790","10","0.17","245785500000"
"017960","한국카본","KOSPI","기계","11400","100","0.88","501152629800"
"161890","한국콜마","KOSPI","화학","33800","-1300","-3.70","773383884000"
"024720","한국콜마홀딩스","KOSPI","기타금융","14300","-200","-1.38","265647081700"
"161390","한국타이어앤테크놀로지","KOSPI","화학","34300","-650","-1.86","4248914866700"
"034830","한국토지신탁","KOSPI","기타금융","1360","25","1.87","343385352800"
"007280","한국특강","KOSPI","철강금속","2200","0","0.00","133297115600"
"168490","한국패러랠","KOSPI","기타금융","2070","-5","-0.24","165641400000"
"010100","한국프랜지","KOSPI","운수장비","2270","-25","-1.09","69122453400"
"047810","한국항공우주","KOSPI","운수장비","44400","-650","-1.44","4327894750800"
"123690","한국화장품","KOSPI","유통업","6320","-70","-1.10","101549760000"
"003350","한국화장품제조","KOSPI","화학","19800","-200","-1.00","89733600000"
"011500","한농화성","KOSPI","화학","12650","50","0.40","197808581300"
"002390","한독","KOSPI","의약품","14400","100","0.70","198194875200"
"053690","한미글로벌","KOSPI","서비스업","29800","600","2.05","326534990000"
"042700","한미반도체","KOSPI","기계","11950","0","0.00","1182091060300"
"008930","한미사이언스","KOSPI","기타금융","29800","0","0.00","2044985783200"
"128940","한미약품","KOSPI","의약품","229000","500","0.22","2820815359000"
"009240","한샘","KOSPI","유통업","40050","0","0.00","942533816400"
"020000","한섬","KOSPI","섬유의복","24450","0","0.00","602203500000"
"003680","한성기업","KOSPI","음식료품","5140","-40","-0.77","31916907100"
"105630","한세실업","KOSPI","섬유의복","14600","600","4.29","584000000000"
"069640","한세엠케이","KOSPI","유통업","2635","-65","-2.41","79330632770"
"016450","한세예스24홀딩스","KOSPI","섬유의복","4200","25","0.60","168000000000"
"010420","한솔PNS","KOSPI","유통업","1565","-5","-0.32","32071563780"
"009180","한솔로지스틱스","KOSPI","운수창고업","2480","-40","-1.59","68144014000"
"213500","한솔제지","KOSPI","종이목재","15750","350","2.27","374859072000"
"014680","한솔케미칼","KOSPI","화학","174000","1000","0.58","1972323930000"
"004710","한솔테크닉스","KOSPI","전기전자","4615","15","0.33","148187086970"
"004150","한솔홀딩스","KOSPI","기타금융","3110","-40","-1.27","130646674470"
"025750","한솔홈데코","KOSPI","종이목재","1025","5","0.49","82579277725"
"004960","한신공영","KOSPI","건설업","9140","310","3.51","105756216280"
"011700","한신기계","KOSPI","기계","6100","50","0.83","197921521100"
"001750","한양증권","KOSPI","증권","9150","90","0.99","116466086100"
"001755","한양증권우","KOSPI","증권","15050","50","0.33","7901250000"
"018880","한온시스템","KOSPI","기계","7370","-90","-1.21","3934106000000"
"009420","한올바이오파마","KOSPI","의약품","13650","150","1.11","713084708700"
"014130","한익스프레스","KOSPI","운수창고업","4300","-110","-2.49","51600000000"
"300720","한일시멘트","KOSPI","비금속광물","10850","100","0.93","751487709000"
"002220","한일철강","KOSPI","철강금속","3110","-100","-3.12","83029100600"
"006390","한일현대시멘트","KOSPI","비금속광물","18200","100","0.55","323496537000"
"003300","한일홀딩스","KOSPI","비금속광물","10350","-100","-0.96","319120349400"
"051600","한전KPS","KOSPI","건설업","31450","300","0.96","1415250000000"
"052690","한전기술","KOSPI","서비스업","52000","1800","3.59","1987440000000"
"130660","한전산업","KOSPI","서비스업","8250","-30","-0.36","268950000000"
"002320","한진","KOSPI","운수창고업","20050","0","0.00","299699941400"
"003480","한진중공업홀딩스","KOSPI","전기가스업","3400","-10","-0.29","100401360800"
"180640","한진칼","KOSPI","운수창고업","35750","300","0.85","2386734207000"
"18064K","한진칼우","KOSPI","운수창고업","22550","-950","-4.04","12104073300"
"005110","한창","KOSPI","유통업","920","-74","-7.44","72939585360"
"009460","한창제지","KOSPI","종이목재","1425","0","0.00","85026167550"
"372910","한컴라이프케어","KOSPI","의료정밀","5980","-530","-8.14","165492947880"
"000880","한화","KOSPI","화학","24400","350","1.46","1828993134000"
"00088K","한화3우B","KOSPI","화학","13850","50","0.36","311237200000"
"088350","한화생명","KOSPI","보험","1960","-25","-1.26","1702318800000"
"000370","한화손해보험","KOSPI","보험","3770","125","3.43","440105709550"
"009830","한화솔루션","KOSPI","화학","48100","1900","4.11","9200495705700"
"009835","한화솔루션우","KOSPI","화학","38100","600","1.60","42814379700"
"272210","한화시스템","KOSPI","전기전자","10900","100","0.93","2059221340100"
"012450","한화에어로스페이스","KOSPI","운수장비","57500","-200","-0.35","2911225000000"
"000885","한화우","KOSPI","화학","29100","600","2.11","13947455400"
"003530","한화투자증권","KOSPI","증권","2390","0","0.00","512769182250"
"003535","한화투자증권우","KOSPI","증권","5070","-180","-3.43","24336000000"
"195870","해성디에스","KOSPI","전기전자","43550","50","0.11","740350000000"
"101530","해태제과식품","KOSPI","음식료품","5920","-100","-1.66","172371586240"
"143210","핸즈코퍼레이션","KOSPI","운수장비","3305","-55","-1.64","72258100740"
"000720","현대건설","KOSPI","건설업","37350","600","1.63","4159137822750"
"267270","현대건설기계","KOSPI","기계","33350","1350","4.22","657021446550"
"000725","현대건설우","KOSPI","건설업","57600","-400","-0.69","60750316800"
"005440","현대그린푸드","KOSPI","유통업","6300","30","0.48","615538236600"
"086280","현대글로비스","KOSPI","운수창고업","161000","-500","-0.31","6037500000000"
"042670","현대두산인프라코어","KOSPI","기계","4620","100","2.21","913666958820"
"064350","현대로템","KOSPI","운수장비","24700","-100","-0.40","2695814637100"
"079430","현대리바트","KOSPI","기타제조업","9020","-30","-0.33","185228243640"
"012330","현대모비스","KOSPI","운수장비","195500","-6000","-2.98","18489039877000"
"010620","현대미포조선","KOSPI","운수장비","106500","1000","0.95","4253838868500"
"069960","현대백화점","KOSPI","유통업","54000","300","0.56","1263731814000"
"004560","현대비앤지스틸","KOSPI","철강금속","11500","-50","-0.43","173406326500"
"004565","현대비앤지스틸우","KOSPI","철강금속","58600","0","0.00","6437327200"
"004310","현대약품","KOSPI","의약품","4670","-550","-10.54","149440000000"
"322000","현대에너지솔루션","KOSPI","전기전자","60000","800","1.35","672000000000"
"017800","현대엘리베이","KOSPI","기계","22800","650","2.93","930586354800"
"307950","현대오토에버","KOSPI","서비스업","112000","4000","3.70","3071485984000"
"011210","현대위아","KOSPI","운수장비","58200","-100","-0.17","1582753830600"
"267260","현대일렉트릭","KOSPI","전기전자","33100","1000","3.12","1193160168500"
"004020","현대제철","KOSPI","철강금속","30450","350","1.16","4063424153250"
"329180","현대중공업","KOSPI","운수장비","121500","5000","4.29","10785933594000"
"005380","현대차","KOSPI","운수장비","168000","0","0.00","35896255416000"
"005387","현대차2우B","KOSPI","운수장비","80000","600","0.76","2918836080000"
"005389","현대차3우B","KOSPI","운수장비","76700","0","0.00","186283974500"
"005385","현대차우","KOSPI","운수장비","78800","-100","-0.13","1919306778000"
"001500","현대차증권","KOSPI","증권","9640","10","0.10","305709097680"
"011760","현대코퍼레이션","KOSPI","유통업","15650","50","0.32","207033317900"
"227840","현대코퍼레이션홀딩스","KOSPI","유통업","9930","-120","-1.19","90371301480"
"126560","현대퓨처넷","KOSPI","통신업","2490","0","0.00","274405333050"
"001450","현대해상","KOSPI","보험","29800","0","0.00","2664120000000"
"057050","현대홈쇼핑","KOSPI","유통업","45500","0","0.00","546000000000"
"093240","형지엘리트","KOSPI","섬유의복","1360","5","0.37","42370525280"
"003010","혜인","KOSPI","유통업","5750","110","1.95","73098295250"
"111110","호전실업","KOSPI","섬유의복","7030","-20","-0.28","68542387520"
"008770","호텔신라","KOSPI","유통업","74100","1100","1.51","2908285766100"
"008775","호텔신라우","KOSPI","유통업","55100","300","0.55","41428532900"
"002460","화성산업","KOSPI","건설업","11450","250","2.23","116217500000"
"378850","화승알앤에이","KOSPI","운수장비","3675","-80","-2.13","69801564525"
"241590","화승엔터프라이즈","KOSPI","기타제조업","10250","-100","-0.97","621040079000"
"006060","화승인더","KOSPI","화학","4040","-45","-1.10","223492800000"
"013520","화승코퍼레이션","KOSPI","운수장비","1305","-15","-1.14","65316883860"
"010690","화신","KOSPI","운수장비","7640","-60","-0.78","266791932400"
"133820","화인베스틸","KOSPI","철강금속","2175","10","0.46","64775721675"
"010660","화천기계","KOSPI","기계","6020","-1000","-14.25","132440000000"
"000850","화천기공","KOSPI","기계","30100","200","0.67","66220000000"
"016580","환인제약","KOSPI","의약품","17050","0","0.00","317131193500"
"032560","황금에스티","KOSPI","철강금속","6990","20","0.29","118830000000"
"004800","효성","KOSPI","기타금융","72600","600","0.83","1529756415000"
"094280","효성ITX","KOSPI","서비스업","13450","-100","-0.74","155457790000"
"298040","효성중공업","KOSPI","전기전자","57300","-500","-0.87","534296600400"
"298050","효성첨단소재","KOSPI","화학","325000","18500","6.04","1455983100000"
"298020","효성티앤씨","KOSPI","화학","285500","16000","5.94","1235553211000"
"298000","효성화학","KOSPI","화학","117500","1000","0.86","374839805000"
"093370","후성","KOSPI","화학","12000","0","0.00","1111281828000"
"081660","휠라홀딩스","KOSPI","유통업","30150","800","2.73","1831679493300"
"005870","휴니드","KOSPI","전기전자","6250","-650","-9.42","88225093750"
"079980","휴비스","KOSPI","화학","5000","35","0.70","172500000000"
"005010","휴스틸","KOSPI","철강금속","5850","150","2.63","229250238750"
"000540","흥국화재","KOSPI","보험","2945","-65","-2.16","189194589525"
"000547","흥국화재2우B","KOSPI","보험","21000","-2500","-10.64","3225600000"
"000545","흥국화재우","KOSPI","보험","6290","-230","-3.53","4830720000"
"003280","흥아해운","KOSPI","운수창고업","1835","420","29.68","441179689665"